time_s,panel_v,battery_pct,temp_c,heartbeat_ok
0,28.001,99.960,20.015,1
1,27.995,99.920,20.039,1
2,28.007,99.880,20.059,1
3,27.998,99.840,20.092,1
4,28.007,99.800,20.112,1
5,28.003,99.760,20.119,1
6,28.005,99.720,20.143,1
7,28.006,99.680,20.157,1
8,27.994,99.640,20.189,1
9,28.002,99.600,20.219,1
10,27.995,99.560,20.219,1
11,27.993,99.520,20.236,1
12,27.998,99.480,20.260,1
13,28.006,99.440,20.275,1
14,28.008,99.400,20.292,1
15,28.000,99.360,20.320,1
16,27.995,99.320,20.319,1
17,27.989,99.280,20.330,1
18,28.008,99.240,20.350,1
19,28.002,99.200,20.347,1
20,27.991,99.160,20.362,1
21,27.993,99.120,20.374,1
22,28.001,99.080,20.366,1
23,28.001,99.040,20.389,1
24,28.006,99.000,20.400,1
25,28.001,98.960,20.427,1
26,27.993,98.920,20.450,1
27,27.988,98.880,20.476,1
28,28.010,98.840,20.491,1
29,28.006,98.800,20.504,1
30,27.992,98.760,20.504,1
31,27.999,98.720,20.513,1
32,28.008,98.680,20.517,1
33,27.995,98.640,20.522,1
34,28.003,98.600,20.532,1
35,28.002,98.560,20.557,1
36,28.008,98.520,20.564,1
37,28.006,98.480,20.574,1
38,27.997,98.440,20.598,1
39,28.006,98.400,20.612,1
40,27.996,98.360,20.625,1
41,28.005,98.320,20.630,1
42,28.009,98.280,20.648,1
43,27.994,98.240,20.678,1
44,28.010,98.200,20.694,1
45,27.990,98.160,20.717,1
46,28.003,98.120,20.730,1
47,28.011,98.080,20.736,1
48,28.006,98.040,20.760,1
49,27.996,98.000,20.777,1
50,28.008,97.960,20.801,1
51,28.007,97.920,20.792,1
52,27.997,97.880,20.794,1
53,28.004,97.840,20.817,1
54,28.006,97.800,20.834,1
55,28.006,97.760,20.836,1
56,28.020,97.720,20.836,1
57,28.007,97.680,20.868,1
58,27.991,97.640,20.880,1
59,27.996,97.600,20.879,1
60,27.992,97.560,20.893,1
61,28.000,97.520,20.903,1
62,27.991,97.480,20.925,1
63,27.995,97.440,20.919,1
64,27.987,97.400,20.919,1
65,27.983,97.360,20.930,1
66,27.985,97.320,20.942,1
67,27.994,97.280,20.944,1
68,27.997,97.240,20.961,1
69,27.996,97.200,20.971,1
70,28.002,97.160,20.971,1
71,27.993,97.120,20.985,1
72,27.993,97.080,20.975,1
73,28.004,97.040,21.001,1
74,27.994,97.000,21.002,1
75,28.007,96.960,21.019,1
76,27.994,96.920,21.046,1
77,28.008,96.880,21.068,1
78,27.999,96.840,21.068,1
79,27.990,96.800,21.102,1
80,27.992,96.760,21.129,1
81,27.995,96.720,21.146,1
82,28.006,96.680,21.161,1
83,27.990,96.640,21.157,1
84,27.993,96.600,21.176,1
85,27.966,96.560,21.196,1
86,27.979,96.520,21.199,1
87,27.974,96.480,21.206,1
88,27.987,96.440,21.217,1
89,27.998,96.400,21.235,1
90,27.990,96.360,21.256,1
91,27.996,96.320,21.255,1
92,27.995,96.280,21.247,1
93,28.007,96.240,21.250,1
94,27.998,96.200,21.262,1
95,27.994,96.160,21.268,1
96,27.996,96.120,21.263,1
97,28.000,96.080,21.283,1
98,28.009,96.040,21.289,1
99,27.994,96.000,21.307,1
100,27.991,95.960,21.326,1
101,27.999,95.920,21.330,1
102,27.997,95.880,21.341,1
103,28.000,95.840,21.362,1
104,27.998,95.800,21.370,1
105,28.003,95.760,21.364,1
106,27.999,95.720,21.372,1
107,27.999,95.680,21.366,1
108,28.006,95.640,21.379,1
109,27.995,95.600,21.386,1
110,27.996,95.560,21.397,1
111,28.007,95.520,21.406,1
112,27.995,95.480,21.415,1
113,28.009,95.440,21.440,1
114,28.002,95.400,21.469,1
115,27.997,95.360,21.469,1
116,28.005,95.320,21.484,1
117,28.004,95.280,21.499,1
118,28.004,95.240,21.511,1
119,28.005,95.200,21.502,1
120,28.005,95.160,21.511,1
121,28.010,95.120,21.529,1
122,28.001,95.080,21.547,1
123,27.998,95.040,21.545,1
124,27.994,95.000,21.554,1
125,27.992,94.960,21.546,1
126,28.008,94.920,21.570,1
127,28.021,94.880,21.570,1
128,28.014,94.840,21.564,1
129,28.014,94.800,21.562,1
130,28.008,94.760,21.566,1
131,28.005,94.720,21.582,1
132,27.997,94.680,21.594,1
133,27.991,94.640,21.585,1
134,28.004,94.600,21.600,1
135,28.011,94.560,21.617,1
136,28.002,94.520,21.608,1
137,27.997,94.480,21.599,1
138,27.991,94.440,21.594,1
139,27.997,94.400,21.586,1
140,27.991,94.360,21.587,1
141,27.980,94.320,21.591,1
142,27.986,94.280,21.577,1
143,28.004,94.240,21.575,1
144,28.004,94.200,21.584,1
145,27.998,94.160,21.605,1
146,27.995,94.120,21.604,1
147,28.007,94.080,21.604,1
148,28.007,94.040,21.614,1
149,27.994,94.000,21.618,1
150,27.999,93.960,21.637,1
151,27.991,93.920,21.644,1
152,27.996,93.880,21.653,1
153,28.004,93.840,21.654,1
154,27.993,93.800,21.665,1
155,27.984,93.760,21.678,1
156,27.986,93.720,21.682,1
157,27.987,93.680,21.704,1
158,27.990,93.640,21.707,1
159,27.994,93.600,21.711,1
160,28.006,93.560,21.704,1
161,28.004,93.520,21.699,1
162,28.005,93.480,21.712,1
163,28.005,93.440,21.715,1
164,27.999,93.400,21.724,1
165,27.996,93.360,21.743,1
166,27.992,93.320,21.735,1
167,27.991,93.280,21.757,1
168,28.007,93.240,21.761,1
169,27.996,93.200,21.763,1
170,27.991,93.160,21.783,1
171,28.000,93.120,21.780,1
172,27.998,93.080,21.802,1
173,28.000,93.040,21.815,1
174,28.009,93.000,21.795,1
175,28.009,92.960,21.796,1
176,28.007,92.920,21.799,1
177,27.998,92.880,21.815,1
178,28.006,92.840,21.798,1
179,27.991,92.800,21.807,1
180,28.007,92.760,21.801,1
181,28.003,92.720,21.792,1
182,28.007,92.680,21.795,1
183,27.990,92.640,21.816,1
184,27.985,92.600,21.812,1
185,27.981,92.560,21.829,1
186,27.999,92.520,21.832,1
187,28.005,92.480,21.847,1
188,28.002,92.440,21.837,1
189,28.009,92.400,21.824,1
190,27.995,92.360,21.823,1
191,27.996,92.320,21.840,1
192,27.991,92.280,21.843,1
193,28.005,92.240,21.834,1
194,28.010,92.200,21.819,1
195,28.007,92.160,21.818,1
196,27.999,92.120,21.808,1
197,27.994,92.080,21.822,1
198,27.992,92.040,21.814,1
199,28.001,92.000,21.798,1
200,28.009,91.960,21.820,1
201,28.000,91.920,21.814,1
202,27.995,91.880,21.814,1
203,27.998,91.840,21.812,1
204,27.994,91.800,21.816,1
205,27.991,91.760,21.809,1
206,28.006,91.720,21.808,1
207,27.999,91.680,21.824,1
208,28.000,91.640,21.842,1
209,27.995,91.600,21.854,1
210,27.997,91.560,21.851,1
211,28.002,91.520,21.847,1
212,27.991,91.480,21.841,1
213,27.992,91.440,21.815,1
214,27.999,91.400,21.811,1
215,28.009,91.360,21.826,1
216,27.997,91.320,21.841,1
217,27.995,91.280,21.834,1
218,28.001,91.240,21.847,1
219,28.008,91.200,21.831,1
220,28.004,91.160,21.813,1
221,28.006,91.120,21.811,1
222,27.998,91.080,21.811,1
223,27.992,91.040,21.808,1
224,27.994,91.000,21.790,1
225,27.990,90.960,21.802,1
226,27.987,90.920,21.819,1
227,27.988,90.880,21.798,1
228,27.989,90.840,21.804,1
229,27.993,90.800,21.808,1
230,28.009,90.760,21.801,1
231,27.994,90.720,21.799,1
232,27.995,90.680,21.794,1
233,28.006,90.640,21.776,1
234,28.008,90.600,21.772,1
235,28.006,90.560,21.755,1
236,28.009,90.520,21.750,1
237,27.999,90.480,21.768,1
238,28.009,90.440,21.760,1
239,27.999,90.400,21.761,1
240,27.990,90.360,21.760,1
241,27.993,90.320,21.758,1
242,27.998,90.280,21.762,1
243,28.009,90.240,21.777,1
244,28.005,90.200,21.775,1
245,27.992,90.160,21.795,1
246,27.991,90.120,21.808,1
247,27.986,90.080,21.802,1
248,27.977,90.040,21.795,1
249,27.973,90.000,21.788,1
250,27.982,89.960,21.795,1
251,28.001,89.920,21.805,1
252,27.992,89.880,21.799,1
253,28.007,89.840,21.808,1
254,28.010,89.800,21.799,1
255,27.995,89.760,21.786,1
256,27.999,89.720,21.774,1
257,27.990,89.680,21.766,1
258,27.995,89.640,21.766,1
259,27.986,89.600,21.753,1
260,28.005,89.560,21.756,1
261,28.000,89.520,21.757,1
262,27.993,89.480,21.777,1
263,27.993,89.440,21.783,1
264,27.990,89.400,21.785,1
265,28.000,89.360,21.805,1
266,28.000,89.320,21.814,1
267,28.010,89.280,21.810,1
268,28.013,89.240,21.820,1
269,28.008,89.200,21.819,1
270,28.006,89.160,21.819,1
271,28.004,89.120,21.813,1
272,27.992,89.080,21.826,1
273,28.007,89.040,21.849,1
274,28.005,89.000,21.868,1
275,27.994,88.960,21.901,1
276,27.989,88.920,21.891,1
277,27.982,88.880,21.893,1
278,28.004,88.840,21.881,1
279,28.004,88.800,21.874,1
280,27.991,88.760,21.865,1
281,27.995,88.720,21.860,1
282,28.009,88.680,21.861,1
283,28.003,88.640,21.857,1
284,28.002,88.600,21.860,1
285,28.007,88.560,21.853,1
286,28.005,88.520,21.859,1
287,28.009,88.480,21.845,1
288,28.000,88.440,21.836,1
289,27.992,88.400,21.828,1
290,28.000,88.360,21.819,1
291,28.011,88.320,21.808,1
292,27.997,88.280,21.816,1
293,27.988,88.240,21.827,1
294,27.997,88.200,21.832,1
295,27.995,88.160,21.846,1
296,28.002,88.120,21.861,1
297,27.998,88.080,21.862,1
298,28.007,88.040,21.864,1
299,28.013,88.000,21.887,1
300,27.976,87.880,21.890,1
301,27.948,87.760,21.898,1
302,27.926,87.640,21.899,1
303,27.907,87.520,21.904,1
304,27.866,87.400,21.912,1
305,27.845,87.280,21.932,1
306,27.797,87.160,21.947,1
307,27.765,87.040,21.940,1
308,27.756,86.920,21.955,1
309,27.729,86.800,21.959,1
310,27.720,86.680,21.970,1
311,27.696,86.560,21.988,1
312,27.669,86.440,21.986,1
313,27.658,86.320,21.974,1
314,27.654,86.200,21.977,1
315,27.627,86.080,21.973,1
316,27.616,85.960,21.961,1
317,27.603,85.840,21.965,1
318,27.587,85.720,21.974,1
319,27.556,85.600,21.972,1
320,27.532,85.480,21.975,1
321,27.515,85.360,21.993,1
322,27.494,85.240,21.977,1
323,27.468,85.120,21.964,1
324,27.456,85.000,21.978,1
325,27.420,84.880,21.972,1
326,27.415,84.760,21.967,1
327,27.390,84.640,21.960,1
328,27.389,84.520,21.947,1
329,27.367,84.400,21.932,1
330,27.344,84.280,21.936,1
331,27.309,84.160,21.942,1
332,27.282,84.040,21.922,1
333,27.256,83.920,21.934,1
334,27.228,83.800,21.933,1
335,27.210,83.680,21.914,1
336,27.189,83.560,21.916,1
337,27.167,83.440,21.915,1
338,27.137,83.320,21.918,1
339,27.115,83.200,21.908,1
340,27.092,83.080,21.911,1
341,27.074,82.960,21.914,1
342,27.068,82.840,21.929,1
343,27.043,82.720,21.923,1
344,27.032,82.600,21.927,1
345,27.032,82.480,21.932,1
346,26.998,82.360,21.936,1
347,26.980,82.240,21.956,1
348,26.963,82.120,21.978,1
349,26.936,82.000,21.985,1
350,26.905,81.880,21.987,1
351,26.891,81.760,21.994,1
352,26.857,81.640,22.012,1
353,26.829,81.520,22.017,1
354,26.806,81.400,22.025,1
355,26.774,81.280,22.008,1
356,26.753,81.160,22.000,1
357,26.737,81.040,21.995,1
358,26.715,80.920,21.993,1
359,26.698,80.800,22.002,1
360,26.682,80.680,21.999,1
361,26.671,80.560,22.005,1
362,26.668,80.440,22.014,1
363,26.650,80.320,22.013,1
364,26.607,80.200,22.014,1
365,26.599,80.080,22.008,1
366,26.575,79.960,22.003,1
367,26.565,79.840,22.005,1
368,26.533,79.720,22.006,1
369,26.499,79.600,21.998,1
370,26.476,79.480,21.988,1
371,26.464,79.360,21.996,1
372,26.439,79.240,21.979,1
373,26.429,79.120,21.980,1
374,26.406,79.000,21.991,1
375,26.386,78.880,21.996,1
376,26.363,78.760,22.003,1
377,26.343,78.640,22.005,1
378,26.318,78.520,21.993,1
379,26.298,78.400,22.008,1
380,26.280,78.280,22.012,1
381,26.273,78.160,22.003,1
382,26.246,78.040,21.999,1
383,26.233,77.920,21.991,1
384,26.211,77.800,21.974,1
385,26.182,77.680,21.962,1
386,26.151,77.560,21.959,1
387,26.145,77.440,21.961,1
388,26.129,77.320,21.953,1
389,26.091,77.200,21.968,1
390,26.071,77.080,21.983,1
391,26.036,76.960,21.958,1
392,26.014,76.840,21.937,1
393,25.995,76.720,21.927,1
394,25.985,76.600,21.928,1
395,25.969,76.480,21.919,1
396,25.962,76.360,21.924,1
397,25.939,76.240,21.914,1
398,25.924,76.120,21.920,1
399,25.896,76.000,21.920,1
400,25.878,75.880,21.906,1
401,25.863,75.760,21.910,1
402,25.825,75.640,21.904,1
403,25.791,75.520,21.910,1
404,25.775,75.400,21.925,1
405,25.753,75.280,21.921,1
406,25.734,75.160,21.924,1
407,25.710,75.040,21.937,1
408,25.689,74.920,21.929,1
409,25.662,74.800,21.927,1
410,25.652,74.680,21.917,1
411,25.603,74.560,21.935,1
412,25.588,74.440,21.948,1
413,25.565,74.320,21.932,1
414,25.534,74.200,21.923,1
415,25.515,74.080,21.899,1
416,25.497,73.960,21.893,1
417,25.475,73.840,21.904,1
418,25.449,73.720,21.917,1
419,25.426,73.600,21.917,1
420,25.415,73.480,21.931,1
421,25.395,73.360,21.943,1
422,25.385,73.240,21.925,1
423,25.371,73.120,21.925,1
424,25.358,73.000,21.934,1
425,25.345,72.880,21.933,1
426,25.349,72.760,21.934,1
427,25.328,72.640,21.945,1
428,25.323,72.520,21.928,1
429,25.314,72.400,21.925,1
430,25.293,72.280,21.913,1
431,25.282,72.160,21.911,1
432,25.255,72.040,21.890,1
433,25.238,71.920,21.885,1
434,25.216,71.800,21.881,1
435,25.205,71.680,21.890,1
436,25.189,71.560,21.885,1
437,25.165,71.440,21.894,1
438,25.137,71.320,21.884,1
439,25.108,71.200,21.873,1
440,25.089,71.080,21.866,1
441,25.075,70.960,21.870,1
442,25.067,70.840,21.870,1
443,25.064,70.720,21.865,1
444,25.039,70.600,21.856,1
445,25.019,70.480,21.871,1
446,25.004,70.360,21.865,1
447,24.971,70.240,21.869,1
448,24.938,70.120,21.902,1
449,24.913,70.000,21.897,1
450,24.884,69.880,21.913,0
451,24.863,69.760,21.935,0
452,24.846,69.640,21.951,0
453,24.819,69.520,21.950,0
454,24.824,69.400,21.946,0
455,24.792,69.280,21.937,0
456,24.775,69.160,21.951,0
457,24.752,69.040,21.951,0
458,24.734,68.920,21.960,0
459,24.717,68.800,21.962,0
460,24.674,68.680,21.962,0
461,24.653,68.560,21.958,0
462,24.647,68.440,21.971,0
463,24.622,68.320,21.958,0
464,24.583,68.200,21.973,0
465,24.545,68.080,21.963,0
466,24.537,67.960,21.956,0
467,24.514,67.840,21.968,0
468,24.493,67.720,21.965,0
469,24.487,67.600,21.954,0
470,24.475,67.480,21.959,0
471,24.448,67.360,21.943,0
472,24.425,67.240,21.944,0
473,24.424,67.120,21.935,0
474,24.413,67.000,21.952,0
475,24.395,66.880,21.966,0
476,24.388,66.760,21.971,0
477,24.349,66.640,21.960,0
478,24.319,66.520,21.958,0
479,24.293,66.400,21.942,0
480,24.266,66.280,21.949,0
481,24.242,66.160,21.952,0
482,24.226,66.040,21.954,0
483,24.228,65.920,21.961,0
484,24.196,65.800,21.977,0
485,24.163,65.680,21.981,0
486,24.138,65.560,21.974,0
487,24.127,65.440,21.956,0
488,24.104,65.320,21.953,0
489,24.092,65.200,21.951,0
490,24.073,65.080,21.963,0
491,24.066,64.960,21.956,0
492,24.054,64.840,21.952,0
493,24.052,64.720,21.969,0
494,24.026,64.600,21.968,0
495,24.004,64.480,21.971,0
496,23.984,64.360,21.949,0
497,23.961,64.240,21.925,0
498,23.940,64.120,21.916,0
499,23.924,64.000,21.930,0
500,23.921,63.880,21.954,0
501,23.884,63.760,21.949,0
502,23.863,63.640,21.936,0
503,23.839,63.520,21.924,0
504,23.809,63.400,21.932,0
505,23.784,63.280,21.944,0
506,23.770,63.160,21.933,0
507,23.741,63.040,21.947,0
508,23.726,62.920,21.968,0
509,23.690,62.800,21.976,0
510,23.677,62.680,21.972,0
511,23.662,62.560,21.958,0
512,23.646,62.440,21.983,0
513,23.621,62.320,21.979,0
514,23.605,62.200,21.975,0
515,23.572,62.080,21.984,0
516,23.540,61.960,21.988,0
517,23.516,61.840,22.002,0
518,23.479,61.720,22.009,0
519,23.458,61.600,22.014,0
520,23.435,61.480,22.014,0
521,23.434,61.360,22.025,0
522,23.427,61.240,22.030,0
523,23.418,61.120,22.021,0
524,23.404,61.000,22.027,0
525,23.378,60.880,22.035,0
526,23.360,60.760,22.043,0
527,23.337,60.640,22.021,0
528,23.318,60.520,22.009,0
529,23.296,60.400,22.002,0
530,23.272,60.280,21.993,0
531,23.262,60.160,21.994,0
532,23.241,60.040,22.006,0
533,23.218,59.920,21.997,0
534,23.207,59.800,21.992,0
535,23.186,59.680,21.999,0
536,23.169,59.560,22.006,0
537,23.148,59.440,22.004,0
538,23.127,59.320,22.011,0
539,23.103,59.200,21.990,0
540,23.079,59.080,21.982,0
541,23.066,58.960,21.994,0
542,23.053,58.840,21.989,0
543,23.033,58.720,21.990,0
544,23.006,58.600,21.984,0
545,22.980,58.480,21.966,0
546,22.968,58.360,21.968,0
547,22.966,58.240,21.952,0
548,22.965,58.120,21.964,0
549,22.945,58.000,21.954,0
550,22.893,57.880,21.971,0
551,22.882,57.760,21.992,0
552,22.866,57.640,21.996,0
553,22.867,57.520,22.002,0
554,22.836,57.400,21.986,0
555,22.821,57.280,21.984,0
556,22.807,57.160,21.988,0
557,22.795,57.040,21.989,0
558,22.779,56.920,21.995,0
559,22.758,56.800,22.007,0
560,22.738,56.680,22.006,0
561,22.717,56.560,22.006,0
562,22.698,56.440,21.999,0
563,22.673,56.320,22.002,0
564,22.642,56.200,22.004,0
565,22.615,56.080,22.012,0
566,22.600,55.960,22.011,0
567,22.571,55.840,22.010,0
568,22.568,55.720,22.004,0
569,22.553,55.600,21.984,0
570,22.548,55.480,21.980,0
571,22.535,55.360,21.977,0
572,22.515,55.240,21.969,0
573,22.499,55.120,21.968,0
574,22.446,55.000,21.971,0
575,22.438,54.880,21.964,0
576,22.409,54.760,21.952,0
577,22.371,54.640,21.945,0
578,22.355,54.520,21.935,0
579,22.346,54.400,21.928,0
580,22.312,54.280,21.932,0
581,22.307,54.160,21.920,0
582,22.293,54.040,21.914,0
583,22.268,53.920,21.909,0
584,22.252,53.800,21.898,0
585,22.228,53.680,21.896,0
586,22.204,53.560,21.894,0
587,22.182,53.440,21.891,0
588,22.167,53.320,21.897,0
589,22.162,53.200,21.878,0
590,22.119,53.080,21.872,0
591,22.117,52.960,21.878,0
592,22.095,52.840,21.869,0
593,22.057,52.720,21.879,0
594,22.053,52.600,21.875,0
595,22.032,52.480,21.867,0
596,21.999,52.360,21.879,0
597,21.987,52.240,21.882,0
598,21.975,52.120,21.877,0
599,21.961,52.000,21.879,0
600,21.936,51.880,21.872,0
601,21.895,51.760,21.875,0
602,21.881,51.640,21.859,0
603,21.868,51.520,21.865,0
604,21.843,51.400,21.868,0
605,21.824,51.280,21.877,0
606,21.821,51.160,21.877,0
607,21.790,51.040,21.869,0
608,21.767,50.920,21.865,0
609,21.746,50.800,21.868,0
610,21.725,50.680,21.868,0
611,21.700,50.560,21.863,0
612,21.679,50.440,21.883,0
613,21.652,50.320,21.902,0
614,21.633,50.200,21.913,0
615,21.611,50.080,21.915,0
616,21.579,49.960,21.936,0
617,21.558,49.840,21.940,0
618,21.532,49.720,21.945,0
619,21.524,49.600,21.944,0
620,21.513,49.480,21.950,0
621,21.489,49.360,21.955,0
622,21.450,49.240,21.949,0
623,21.415,49.120,21.947,0
624,21.398,49.000,21.959,0
625,21.372,48.880,21.954,0
626,21.350,48.760,21.952,0
627,21.328,48.640,21.969,0
628,21.311,48.520,21.968,0
629,21.299,48.400,21.980,0
630,21.278,48.280,22.001,0
631,21.263,48.160,21.999,0
632,21.246,48.040,21.980,0
633,21.217,47.920,21.988,0
634,21.210,47.800,21.971,0
635,21.195,47.680,21.957,0
636,21.186,47.560,21.964,0
637,21.163,47.440,21.976,0
638,21.155,47.320,21.960,0
639,21.131,47.200,21.963,0
640,21.107,47.080,21.956,0
641,21.094,46.960,21.953,0
642,21.090,46.840,21.955,0
643,21.081,46.720,21.968,0
644,21.059,46.600,21.946,0
645,21.049,46.480,21.954,0
646,21.031,46.360,21.949,0
647,21.013,46.240,21.957,0
648,20.982,46.120,21.956,0
649,20.949,46.000,21.960,0
650,20.917,45.880,21.960,0
651,20.912,45.760,21.982,0
652,20.882,45.640,21.969,0
653,20.876,45.520,21.983,0
654,20.861,45.400,21.991,0
655,20.843,45.280,22.011,0
656,20.808,45.160,22.010,0
657,20.800,45.040,22.007,0
658,20.785,44.920,22.008,0
659,20.761,44.800,22.020,0
660,20.758,44.680,22.002,0
661,20.732,44.560,22.009,0
662,20.716,44.440,22.029,0
663,20.697,44.320,22.024,0
664,20.672,44.200,22.023,0
665,20.647,44.080,22.014,0
666,20.624,43.960,22.019,0
667,20.597,43.840,22.034,0
668,20.593,43.720,22.037,0
669,20.582,43.600,22.035,0
670,20.556,43.480,22.029,0
671,20.531,43.360,22.027,0
672,20.515,43.240,22.026,0
673,20.494,43.120,22.024,0
674,20.479,43.000,22.006,0
675,20.461,42.880,22.017,0
676,20.423,42.760,22.016,0
677,20.403,42.640,22.023,0
678,20.386,42.520,22.013,0
679,20.358,42.400,22.009,0
680,20.330,42.280,21.996,0
681,20.308,42.160,22.009,0
682,20.286,42.040,22.013,0
683,20.279,41.920,22.013,0
684,20.274,41.800,22.011,0
685,20.248,41.680,21.994,0
686,20.218,41.560,21.997,0
687,20.195,41.440,22.007,0
688,20.177,41.320,22.024,0
689,20.173,41.200,22.010,0
690,20.156,41.080,21.998,0
691,20.135,40.960,21.992,0
692,20.100,40.840,21.993,0
693,20.074,40.720,21.991,0
694,20.058,40.600,21.984,0
695,20.033,40.480,21.995,0
696,20.029,40.360,21.982,0
697,20.014,40.240,21.994,0
698,20.000,40.120,21.995,0
699,20.000,40.000,21.980,0
700,20.000,39.880,21.960,0
701,20.000,39.760,21.973,0
702,20.000,39.640,21.972,0
703,20.000,39.520,21.977,0
704,20.000,39.400,22.000,0
705,20.000,39.280,21.999,0
706,20.000,39.160,21.991,0
707,20.000,39.040,21.994,0
708,20.000,38.920,22.001,0
709,20.000,38.800,22.005,0
710,20.000,38.680,22.013,0
711,20.000,38.560,22.018,0
712,20.000,38.440,22.038,0
713,20.000,38.320,22.030,0
714,20.000,38.200,22.042,0
715,20.000,38.080,22.046,0
716,20.000,37.960,22.047,0
717,20.000,37.840,22.055,0
718,20.000,37.720,22.056,0
719,20.000,37.600,22.038,0
720,20.000,37.480,22.054,0
721,20.000,37.360,22.064,0
722,20.000,37.240,22.060,0
723,20.000,37.120,22.072,0
724,20.000,37.000,22.072,0
725,20.000,36.880,22.075,0
726,20.000,36.760,22.071,0
727,20.000,36.640,22.059,0
728,20.000,36.520,22.065,0
729,20.000,36.400,22.052,0
730,20.000,36.280,22.055,0
731,20.000,36.160,22.056,0
732,20.000,36.040,22.038,0
733,20.000,35.920,22.011,0
734,20.000,35.800,22.017,0
735,20.000,35.680,21.998,0
736,20.000,35.560,22.005,0
737,20.000,35.440,21.980,0
738,20.000,35.320,21.962,0
739,20.000,35.200,21.952,0
740,20.000,35.080,21.934,0
741,20.000,34.960,21.926,0
742,20.000,34.840,21.943,0
743,20.000,34.720,21.948,0
744,20.000,34.600,21.942,0
745,20.003,34.480,21.944,0
746,20.000,34.360,21.939,0
747,20.000,34.240,21.933,0
748,20.000,34.120,21.945,0
749,20.000,34.000,21.942,0
750,20.000,33.880,21.955,0
751,20.000,33.760,21.945,0
752,20.000,33.640,21.935,0
753,20.000,33.520,21.931,0
754,20.000,33.400,21.951,0
755,20.000,33.280,21.948,0
756,20.000,33.160,21.946,0
757,20.000,33.040,21.956,0
758,20.000,32.920,21.931,0
759,20.000,32.800,21.941,0
760,20.000,32.680,21.941,0
761,20.000,32.560,21.941,0
762,20.000,32.440,21.926,0
763,20.000,32.320,21.918,0
764,20.000,32.200,21.934,0
765,20.000,32.080,21.948,0
766,20.000,31.960,21.930,0
767,20.000,31.840,21.927,0
768,20.000,31.720,21.940,0
769,20.000,31.600,21.933,0
770,20.000,31.480,21.933,0
771,20.000,31.360,21.944,0
772,20.000,31.240,21.925,0
773,20.000,31.120,21.930,0
774,20.000,31.000,21.940,0
775,20.000,30.880,21.948,0
776,20.000,30.760,21.947,0
777,20.000,30.640,21.961,0
778,20.000,30.520,21.968,0
779,20.000,30.400,21.942,0
780,20.000,30.280,21.943,0
781,20.000,30.160,21.945,0
782,20.000,30.040,21.936,0
783,20.000,29.920,21.930,0
784,20.000,29.800,21.926,0
785,20.000,29.680,21.921,0
786,20.000,29.560,21.910,0
787,20.000,29.440,21.885,0
788,20.000,29.320,21.888,0
789,20.000,29.200,21.892,0
790,20.009,29.080,21.870,0
791,20.000,28.960,21.870,0
792,20.000,28.840,21.844,0
793,20.000,28.720,21.854,0
794,20.000,28.600,21.864,0
795,20.000,28.480,21.876,0
796,20.000,28.360,21.869,0
797,20.000,28.240,21.864,0
798,20.000,28.120,21.868,0
799,20.000,28.000,21.878,0
800,20.000,27.880,21.872,0
801,20.000,27.760,21.850,0
802,20.000,27.640,21.846,0
803,20.000,27.520,21.849,0
804,20.000,27.400,21.845,0
805,20.000,27.280,21.842,0
806,20.000,27.160,21.839,0
807,20.000,27.040,21.850,0
808,20.000,26.920,21.848,0
809,20.000,26.800,21.858,0
810,20.000,26.680,21.858,0
811,20.000,26.560,21.866,0
812,20.000,26.440,21.857,0
813,20.000,26.320,21.859,0
814,20.000,26.200,21.872,0
815,20.000,26.080,21.869,0
816,20.000,25.960,21.868,0
817,20.000,25.840,21.861,0
818,20.000,25.720,21.874,0
819,20.000,25.600,21.874,0
820,20.000,25.480,21.870,0
821,20.000,25.360,21.877,0
822,20.000,25.240,21.885,0
823,20.000,25.120,21.897,0
824,20.000,25.000,21.887,0
825,20.000,24.880,21.892,0
826,20.000,24.760,21.898,0
827,20.000,24.640,21.903,0
828,20.000,24.520,21.895,0
829,20.000,24.400,21.899,0
830,20.000,24.280,21.899,0
831,20.000,24.160,21.900,0
832,20.000,24.040,21.914,0
833,20.000,23.920,21.924,0
834,20.000,23.800,21.934,0
835,20.000,23.680,21.937,0
836,20.000,23.560,21.920,0
837,20.000,23.440,21.927,0
838,20.000,23.320,21.936,0
839,20.000,23.200,21.952,0
840,20.000,23.080,21.956,0
841,20.000,22.960,21.945,0
842,20.000,22.840,21.938,0
843,20.000,22.720,21.924,0
844,20.000,22.600,21.930,0
845,20.000,22.480,21.926,0
846,20.000,22.360,21.932,0
847,20.000,22.240,21.931,0
848,20.000,22.120,21.939,0
849,20.000,22.000,21.948,0
850,20.000,21.880,21.957,0
851,20.000,21.760,21.962,0
852,20.000,21.640,21.970,0
853,20.000,21.520,21.970,0
854,20.000,21.400,21.980,0
855,20.004,21.280,21.975,0
856,20.000,21.160,21.984,0
857,20.000,21.040,21.970,0
858,20.000,20.920,21.960,0
859,20.000,20.800,21.982,0
860,20.000,20.680,21.972,0
861,20.000,20.560,21.958,0
862,20.000,20.440,21.956,0
863,20.000,20.320,21.948,0
864,20.000,20.200,21.949,0
865,20.000,20.080,21.941,0
866,20.000,19.960,21.963,0
867,20.000,19.840,21.960,0
868,20.000,19.720,21.948,0
869,20.000,19.600,21.952,0
870,20.000,19.480,21.939,0
871,20.000,19.360,21.937,0
872,20.000,19.240,21.949,0
873,20.000,19.120,21.954,0
874,20.000,19.000,21.958,0
875,20.000,18.880,21.968,0
876,20.000,18.760,21.963,0
877,20.000,18.640,21.947,0
878,20.000,18.520,21.953,0
879,20.000,18.400,21.956,0
880,20.000,18.280,21.955,0
881,20.000,18.160,21.954,0
882,20.000,18.040,21.959,0
883,20.000,17.920,21.961,0
884,20.000,17.800,21.961,0
885,20.000,17.680,21.967,0
886,20.000,17.560,21.969,0
887,20.000,17.440,21.973,0
888,20.000,17.320,21.965,0
889,20.000,17.200,21.956,0
890,20.000,17.080,21.960,0
891,20.000,16.960,21.951,0
892,20.000,16.840,21.963,0
893,20.000,16.720,21.966,0
894,20.000,16.600,21.954,0
895,20.000,16.480,21.954,0
896,20.000,16.360,21.970,0
897,20.000,16.240,21.983,0
898,20.000,16.120,21.974,0
899,20.000,16.000,21.968,0
900,20.000,15.880,21.980,0
901,20.000,15.760,21.982,0
902,20.000,15.640,21.972,0
903,20.000,15.520,21.972,0
904,20.000,15.400,21.968,0
905,20.000,15.280,21.972,0
906,20.000,15.160,21.975,0
907,20.000,15.040,21.956,0
908,20.000,14.920,21.936,0
909,20.000,14.800,21.937,0
910,20.000,14.680,21.922,0
911,20.000,14.560,21.907,0
912,20.000,14.440,21.912,0
913,20.000,14.320,21.896,0
914,20.000,14.200,21.903,0
915,20.000,14.080,21.898,0
916,20.006,13.960,21.893,0
917,20.000,13.840,21.878,0
918,20.000,13.720,21.878,0
919,20.000,13.600,21.882,0
920,20.000,13.480,21.876,0
921,20.000,13.360,21.872,0
922,20.000,13.240,21.870,0
923,20.000,13.120,21.874,0
924,20.000,13.000,21.888,0
925,20.000,12.880,21.885,0
926,20.000,12.760,21.885,0
927,20.000,12.640,21.880,0
928,20.000,12.520,21.869,0
929,20.000,12.400,21.874,0
930,20.000,12.280,21.877,0
931,20.000,12.160,21.877,0
932,20.000,12.040,21.857,0
933,20.000,11.920,21.848,0
934,20.000,11.800,21.837,0
935,20.000,11.680,21.852,0
936,20.000,11.560,21.846,0
937,20.000,11.440,21.859,0
938,20.000,11.320,21.855,0
939,20.000,11.200,21.843,0
940,20.000,11.080,21.846,0
941,20.000,10.960,21.857,0
942,20.000,10.840,21.853,0
943,20.000,10.720,21.853,0
944,20.000,10.600,21.860,0
945,20.000,10.480,21.886,0
946,20.000,10.360,21.893,0
947,20.000,10.240,21.894,0
948,20.006,10.120,21.896,0
949,20.000,10.000,21.896,0
950,20.000,9.880,21.875,0
951,20.000,9.760,21.875,0
952,20.000,9.640,21.869,0
953,20.000,9.520,21.873,0
954,20.000,9.400,21.875,0
955,20.000,9.280,21.882,0
956,20.000,9.160,21.890,0
957,20.000,9.040,21.900,0
958,20.000,8.920,21.897,0
959,20.000,8.800,21.904,0
960,20.000,8.680,21.913,0
961,20.000,8.560,21.916,0
962,20.000,8.440,21.909,0
963,20.000,8.320,21.920,0
964,20.000,8.200,21.923,0
965,20.000,8.080,21.928,0
966,20.000,7.960,21.925,0
967,20.000,7.840,21.913,0
968,20.000,7.720,21.917,0
969,20.000,7.600,21.907,0
970,20.000,7.480,21.921,0
971,20.000,7.360,21.921,0
972,20.000,7.240,21.901,0
973,20.000,7.120,21.886,0
974,20.000,7.000,21.872,0
975,20.000,6.880,21.874,0
976,20.000,6.760,21.872,0
977,20.000,6.640,21.876,0
978,20.000,6.520,21.883,0
979,20.000,6.400,21.867,0
980,20.000,6.280,21.862,0
981,20.000,6.160,21.854,0
982,20.000,6.040,21.844,0
983,20.000,5.920,21.834,0
984,20.000,5.800,21.837,0
985,20.000,5.680,21.836,0
986,20.000,5.560,21.841,0
987,20.000,5.440,21.853,0
988,20.000,5.320,21.856,0
989,20.000,5.200,21.857,0
990,20.000,5.080,21.848,0
991,20.000,4.960,21.844,0
992,20.000,4.840,21.847,0
993,20.000,4.720,21.889,0
994,20.000,4.600,21.905,0
995,20.000,4.480,21.895,0
996,20.000,4.360,21.900,0
997,20.000,4.240,21.899,0
998,20.000,4.120,21.890,0
999,20.000,4.000,21.883,0
1000,20.000,3.880,21.889,0
1001,20.000,3.760,21.911,0
1002,20.000,3.640,21.908,0
1003,20.000,3.520,21.912,0
1004,20.000,3.400,21.914,0
1005,20.000,3.280,21.919,0
1006,20.000,3.160,21.914,0
1007,20.000,3.040,21.907,0
1008,20.000,2.920,21.908,0
1009,20.000,2.800,21.900,0
1010,20.000,2.680,21.905,0
1011,20.000,2.560,21.908,0
1012,20.000,2.440,21.914,0
1013,20.000,2.320,21.912,0
1014,20.000,2.200,21.913,0
1015,20.000,2.080,21.896,0
1016,20.000,1.960,21.897,0
1017,20.000,1.840,21.904,0
1018,20.000,1.720,21.900,0
1019,20.000,1.600,21.890,0
1020,20.000,1.480,21.895,0
1021,20.000,1.360,21.897,0
1022,20.000,1.240,21.906,0
1023,20.000,1.120,21.931,0
1024,20.000,1.000,21.933,0
1025,20.000,0.880,21.920,0
1026,20.000,0.760,21.912,0
1027,20.000,0.640,21.913,0
1028,20.000,0.520,21.928,0
1029,20.000,0.400,21.917,0
1030,20.000,0.280,21.918,0
1031,20.000,0.160,21.931,0
1032,20.000,0.040,21.936,0
1033,20.000,0.000,21.942,0
1034,20.000,0.000,21.941,0
1035,20.000,0.000,21.932,0
1036,20.000,0.000,21.945,0
1037,20.000,0.000,21.965,0
1038,20.000,0.000,21.972,0
1039,20.016,0.000,21.978,0
1040,20.010,0.000,21.976,0
1041,20.002,0.000,21.973,0
1042,20.000,0.000,21.982,0
1043,20.000,0.000,21.988,0
1044,20.000,0.000,22.006,0
1045,20.000,0.000,22.006,0
1046,20.000,0.000,22.009,0
1047,20.000,0.000,22.012,0
1048,20.000,0.000,22.027,0
1049,20.000,0.000,22.025,0
1050,20.000,0.000,22.038,0
1051,20.000,0.000,22.053,0
1052,20.000,0.000,22.062,0
1053,20.000,0.000,22.070,0
1054,20.000,0.000,22.070,0
1055,20.000,0.000,22.056,0
1056,20.000,0.000,22.061,0
1057,20.000,0.000,22.070,0
1058,20.008,0.000,22.070,0
1059,20.000,0.000,22.068,0
1060,20.000,0.000,22.060,0
1061,20.000,0.000,22.064,0
1062,20.000,0.000,22.058,0
1063,20.000,0.000,22.060,0
1064,20.000,0.000,22.063,0
1065,20.000,0.000,22.072,0
1066,20.000,0.000,22.069,0
1067,20.000,0.000,22.073,0
1068,20.000,0.000,22.055,0
1069,20.000,0.000,22.053,0
1070,20.000,0.000,22.044,0
1071,20.000,0.000,22.027,0
1072,20.000,0.000,22.025,0
1073,20.000,0.000,22.016,0
1074,20.000,0.000,22.027,0
1075,20.000,0.000,22.025,0
1076,20.000,0.000,22.033,0
1077,20.000,0.000,22.037,0
1078,20.000,0.000,22.039,0
1079,20.000,0.000,22.034,0
1080,20.000,0.000,22.035,0
1081,20.000,0.000,22.050,0
1082,20.000,0.000,22.051,0
1083,20.000,0.000,22.039,0
1084,20.000,0.000,22.038,0
1085,20.000,0.000,22.040,0
1086,20.000,0.000,22.032,0
1087,20.000,0.000,22.017,0
1088,20.000,0.000,22.013,0
1089,20.000,0.000,22.016,0
1090,20.000,0.000,22.028,0
1091,20.000,0.000,22.022,0
1092,20.000,0.000,22.016,0
1093,20.000,0.000,22.007,0
1094,20.000,0.000,22.001,0
1095,20.000,0.000,21.983,0
1096,20.000,0.000,21.963,0
1097,20.000,0.000,21.963,0
1098,20.000,0.000,21.951,0
1099,20.000,0.000,21.952,0
1100,20.000,0.000,21.953,0
1101,20.000,0.000,21.947,0
1102,20.000,0.000,21.947,0
1103,20.000,0.000,21.960,0
1104,20.000,0.000,21.958,0
1105,20.000,0.000,21.950,0
1106,20.000,0.000,21.935,0
1107,20.000,0.000,21.912,0
1108,20.000,0.000,21.917,0
1109,20.000,0.000,21.907,0
1110,20.000,0.000,21.931,0
1111,20.000,0.000,21.938,0
1112,20.000,0.000,21.952,0
1113,20.000,0.000,21.938,0
1114,20.000,0.000,21.935,0
1115,20.000,0.000,21.937,0
1116,20.000,0.000,21.931,0
1117,20.000,0.000,21.924,0
1118,20.000,0.000,21.915,0
1119,20.000,0.000,21.927,0
1120,20.000,0.000,21.932,0
1121,20.000,0.000,21.925,0
1122,20.000,0.000,21.943,0
1123,20.000,0.000,21.955,0
1124,20.000,0.000,21.958,0
1125,20.000,0.000,21.976,0
1126,20.000,0.000,21.961,0
1127,20.000,0.000,21.962,0
1128,20.000,0.000,21.966,0
1129,20.000,0.000,21.963,0
1130,20.000,0.000,21.957,0
1131,20.000,0.000,21.952,0
1132,20.000,0.000,21.944,0
1133,20.000,0.000,21.933,0
1134,20.000,0.000,21.937,0
1135,20.000,0.000,21.930,0
1136,20.000,0.000,21.927,0
1137,20.000,0.000,21.943,0
1138,20.003,0.000,21.943,0
1139,20.000,0.000,21.944,0
1140,20.000,0.000,21.939,0
1141,20.000,0.000,21.950,0
1142,20.000,0.000,21.960,0
1143,20.000,0.000,21.973,0
1144,20.000,0.000,21.957,0
1145,20.000,0.000,21.951,0
1146,20.000,0.000,21.949,0
1147,20.000,0.000,21.939,0
1148,20.000,0.000,21.957,0
1149,20.000,0.000,21.949,0
1150,20.000,0.000,21.960,0
1151,20.000,0.000,21.971,0
1152,20.000,0.000,21.976,0
1153,20.000,0.000,21.968,0
1154,20.000,0.000,21.973,0
1155,20.000,0.000,21.978,0
1156,20.000,0.000,21.994,0
1157,20.000,0.000,22.002,0
1158,20.000,0.000,21.997,0
1159,20.000,0.000,21.996,0
1160,20.000,0.000,22.001,0
1161,20.000,0.000,21.999,0
1162,20.000,0.000,22.006,0
1163,20.000,0.000,22.018,0
1164,20.000,0.000,22.020,0
1165,20.000,0.000,22.018,0
1166,20.000,0.000,22.031,0
1167,20.000,0.000,22.031,0
1168,20.000,0.000,22.041,0
1169,20.000,0.000,22.056,0
1170,20.000,0.000,22.053,0
1171,20.000,0.000,22.040,0
1172,20.000,0.000,22.050,0
1173,20.000,0.000,22.049,0
1174,20.000,0.000,22.047,0
1175,20.000,0.000,22.053,0
1176,20.000,0.000,22.060,0
1177,20.000,0.000,22.059,0
1178,20.000,0.000,22.064,0
1179,20.000,0.000,22.063,0
1180,20.000,0.000,22.061,0
1181,20.000,0.000,22.054,0
1182,20.000,0.000,22.046,0
1183,20.000,0.000,22.045,0
1184,20.000,0.000,22.035,0
1185,20.000,0.000,22.040,0
1186,20.000,0.000,22.039,0
1187,20.000,0.000,22.033,0
1188,20.000,0.000,22.040,0
1189,20.000,0.000,22.054,0
1190,20.000,0.000,22.061,0
1191,20.000,0.000,22.070,0
1192,20.000,0.000,22.065,0
1193,20.000,0.000,22.073,0
1194,20.000,0.000,22.065,0
1195,20.000,0.000,22.083,0
1196,20.000,0.000,22.069,0
1197,20.000,0.000,22.060,0
1198,20.000,0.000,22.071,0
1199,20.000,0.000,22.055,0
